txn_id,account_id,txn_ts,amount,currency,narration
TXN1,ACC12,2026-07-03 02:27:58.130,2335.98,INR,Fuel
TXN2,ACC12,2026-06-24 02:27:58.130,122.37,INR,Salary
TXN3,ACC11,2026-06-12 02:27:58.130,8087.71,INR,Salary
TXN4,ACC37,2026-07-06 02:27:58.130,1414.56,INR,Shopping
TXN5,ACC16,2026-07-03 02:27:58.130,1278.21,INR,Restaurant
TXN6,ACC18,2026-07-01 02:27:58.130,4137.46,INR,Transfer
TXN7,ACC43,2026-06-12 02:27:58.130,2216.63,INR,Restaurant
TXN8,ACC47,2026-06-14 02:27:58.130,2405.12,INR,Transfer
TXN9,ACC1,2026-06-23 02:27:58.130,7251.77,INR,Shopping
TXN10,ACC36,2026-06-30 02:27:58.130,9096.36,INR,Restaurant
TXN11,ACC17,2026-06-20 02:27:58.130,2163.03,INR,Salary
TXN12,ACC3,2026-06-29 02:27:58.130,6884.08,INR,Transfer
TXN13,ACC44,2026-07-02 02:27:58.130,7402.83,INR,Transfer
TXN14,ACC50,2026-06-16 02:27:58.130,3343.77,INR,Salary
TXN15,ACC46,2026-06-10 02:27:58.130,9269.25,INR,Restaurant
TXN16,ACC6,2026-07-02 02:27:58.130,2319.47,INR,Shopping
TXN17,ACC29,2026-06-30 02:27:58.130,9361.13,INR,Transfer
TXN18,ACC43,2026-07-04 02:27:58.130,2993.1,INR,Salary
TXN19,ACC24,2026-07-06 02:27:58.130,2792.16,INR,Salary
TXN20,ACC4,2026-06-20 02:27:58.130,7089.36,INR,Transfer
TXN21,ACC33,2026-06-25 02:27:58.130,605.96,INR,Restaurant
TXN22,ACC31,2026-07-02 02:27:58.130,6587.27,INR,Shopping
TXN23,ACC17,2026-06-20 02:27:58.130,5571.99,INR,Fuel
TXN24,ACC42,2026-06-25 02:27:58.130,5763.16,INR,Salary
TXN25,ACC22,2026-06-06 02:27:58.130,5924.93,INR,Fuel
TXN26,ACC31,2026-06-13 02:27:58.130,1335.07,INR,Shopping
TXN27,ACC43,2026-06-27 02:27:58.130,8657.85,INR,Transfer
TXN28,ACC31,2026-06-17 02:27:58.130,2329.91,INR,Shopping
TXN29,ACC43,2026-06-15 02:27:58.130,4396.27,INR,Transfer
TXN30,ACC16,2026-06-15 02:27:58.130,2631.48,INR,Transfer
TXN31,ACC6,2026-06-09 02:27:58.130,503.75,INR,Shopping
TXN32,ACC4,2026-06-14 02:27:58.130,9479.72,INR,Fuel
TXN33,ACC14,2026-06-25 02:27:58.130,4716.27,INR,Transfer
TXN34,ACC35,2026-06-19 02:27:58.130,1466.68,INR,Restaurant
TXN35,ACC20,2026-06-11 02:27:58.130,5557.69,INR,Salary
TXN36,ACC24,2026-07-03 02:27:58.130,4756.42,INR,Salary
TXN37,ACC23,2026-06-13 02:27:58.130,513.35,INR,Fuel
TXN38,ACC22,2026-06-22 02:27:58.130,4335.55,INR,Shopping
TXN39,ACC33,2026-07-05 02:27:58.130,6668.93,INR,Salary
TXN40,ACC27,2026-06-15 02:27:58.130,239.55,INR,Salary
TXN41,ACC2,2026-06-22 02:27:58.130,7678.54,INR,Restaurant
TXN42,ACC19,2026-06-06 02:27:58.130,4971.07,INR,Fuel
TXN43,ACC47,2026-06-24 02:27:58.130,5740.06,INR,Restaurant
TXN44,ACC6,2026-06-19 02:27:58.130,1137.59,INR,Fuel
TXN45,ACC2,2026-06-13 02:27:58.130,5488.32,INR,Transfer
TXN46,ACC22,2026-06-09 02:27:58.130,9514.96,INR,Transfer
TXN47,ACC47,2026-06-22 02:27:58.130,5847.76,INR,Salary
TXN48,ACC4,2026-06-30 02:27:58.130,7078.95,INR,Restaurant
TXN49,ACC26,2026-06-22 02:27:58.130,7180.64,INR,Shopping
TXN50,ACC34,2026-07-06 02:27:58.130,1643.4,INR,Restaurant
TXN51,ACC34,2026-06-06 02:27:58.130,374.79,INR,Fuel
TXN52,ACC31,2026-06-26 02:27:58.130,3763.38,INR,Shopping
TXN53,ACC42,2026-06-14 02:27:58.130,6924.85,INR,Salary
TXN54,ACC22,2026-06-06 02:27:58.130,3388.69,INR,Transfer
TXN55,ACC22,2026-06-25 02:27:58.130,5098.52,INR,Shopping
TXN56,ACC38,2026-07-05 02:27:58.130,8345.1,INR,Transfer
TXN57,ACC6,2026-06-27 02:27:58.130,7204.93,INR,Salary
TXN58,ACC7,2026-06-26 02:27:58.130,1396.29,INR,Restaurant
TXN59,ACC8,2026-06-27 02:27:58.130,9110.26,INR,Salary
TXN60,ACC44,2026-06-12 02:27:58.130,5481.92,INR,Salary
TXN61,ACC40,2026-06-22 02:27:58.130,9088.89,INR,Salary
TXN62,ACC49,2026-06-13 02:27:58.130,4051.57,INR,Fuel
TXN63,ACC20,2026-06-09 02:27:58.130,4753.42,INR,Restaurant
TXN64,ACC27,2026-06-26 02:27:58.130,8607.02,INR,Transfer
TXN65,ACC20,2026-06-19 02:27:58.130,4203.82,INR,Shopping
TXN66,ACC14,2026-06-14 02:27:58.130,9639.69,INR,Restaurant
TXN67,ACC9,2026-06-10 02:27:58.130,1114.02,INR,Shopping
TXN68,ACC8,2026-07-05 02:27:58.130,5898.48,INR,Salary
TXN69,ACC12,2026-06-22 02:27:58.130,3983.16,INR,Salary
TXN70,ACC17,2026-07-06 02:27:58.130,4137.86,INR,Shopping
TXN71,ACC39,2026-06-07 02:27:58.130,7892.5,INR,Salary
TXN72,ACC35,2026-06-26 02:27:58.130,2369.7,INR,Transfer
TXN73,ACC13,2026-07-01 02:27:58.130,9331.12,INR,Shopping
TXN74,ACC45,2026-06-12 02:27:58.130,6146.29,INR,Fuel
TXN75,ACC41,2026-07-06 02:27:58.130,9987.97,INR,Shopping
TXN76,ACC24,2026-06-14 02:27:58.130,9825.79,INR,Salary
TXN77,ACC33,2026-06-29 02:27:58.130,4238.16,INR,Transfer
TXN78,ACC7,2026-06-13 02:27:58.130,517.86,INR,Salary
TXN79,ACC7,2026-06-08 02:27:58.130,256.35,INR,Restaurant
TXN80,ACC32,2026-06-21 02:27:58.130,6057.74,INR,Shopping
TXN81,ACC15,2026-06-17 02:27:58.130,2838.98,INR,Fuel
TXN82,ACC10,2026-06-18 02:27:58.130,3206.83,INR,Shopping
TXN83,ACC38,2026-06-24 02:27:58.130,7835.46,INR,Shopping
TXN84,ACC44,2026-07-05 02:27:58.130,5246.72,INR,Shopping
TXN85,ACC6,2026-06-15 02:27:58.130,5772.21,INR,Salary
TXN86,ACC4,2026-07-04 02:27:58.130,3943.72,INR,Fuel
TXN87,ACC20,2026-06-27 02:27:58.130,1898.89,INR,Salary
TXN88,ACC17,2026-06-25 02:27:58.130,4390.67,INR,Transfer
TXN89,ACC10,2026-06-23 02:27:58.130,9720.38,INR,Transfer
TXN90,ACC38,2026-07-05 02:27:58.130,4403.64,INR,Salary
TXN91,ACC8,2026-06-19 02:27:58.130,6305.18,INR,Salary
TXN92,ACC44,2026-07-05 02:27:58.130,3536.49,INR,Shopping
TXN93,ACC18,2026-06-14 02:27:58.130,2963.95,INR,Restaurant
TXN94,ACC36,2026-06-16 02:27:58.130,8767.42,INR,Shopping
TXN95,ACC43,2026-06-18 02:27:58.130,3890.42,INR,Fuel
TXN96,ACC34,2026-07-02 02:27:58.130,4995.42,INR,Restaurant
TXN97,ACC33,2026-06-13 02:27:58.130,3081.19,INR,Salary
TXN98,ACC8,2026-06-16 02:27:58.130,6016.02,INR,Shopping
TXN99,ACC43,2026-06-30 02:27:58.130,7479.53,INR,Restaurant
TXN100,ACC50,2026-06-19 02:27:58.130,9482.57,INR,Restaurant
TXN101,ACC49,2026-07-01 02:27:58.130,3706.97,INR,Shopping
TXN102,ACC24,2026-06-17 02:27:58.130,3988.31,INR,Restaurant
TXN103,ACC25,2026-06-21 02:27:58.130,7006.79,INR,Transfer
TXN104,ACC18,2026-07-02 02:27:58.130,2372.33,INR,Transfer
TXN105,ACC2,2026-06-21 02:27:58.130,8576.73,INR,Restaurant
TXN106,ACC13,2026-06-19 02:27:58.130,6471.65,INR,Restaurant
TXN107,ACC27,2026-06-10 02:27:58.130,8761.83,INR,Transfer
TXN108,ACC3,2026-06-07 02:27:58.130,9007.84,INR,Restaurant
TXN109,ACC50,2026-06-17 02:27:58.130,6631.63,INR,Transfer
TXN110,ACC46,2026-06-08 02:27:58.130,2915.27,INR,Restaurant
TXN111,ACC40,2026-06-29 02:27:58.130,8648.44,INR,Shopping
TXN112,ACC38,2026-06-29 02:27:58.130,1817.3,INR,Salary
TXN113,ACC23,2026-06-24 02:27:58.130,3110.35,INR,Shopping
TXN114,ACC49,2026-06-08 02:27:58.130,9434.65,INR,Transfer
TXN115,ACC26,2026-07-05 02:27:58.130,1752.99,INR,Fuel
TXN116,ACC42,2026-07-01 02:27:58.130,1080.72,INR,Shopping
TXN117,ACC29,2026-06-30 02:27:58.130,5356.81,INR,Fuel
TXN118,ACC14,2026-07-03 02:27:58.130,5627.33,INR,Fuel
TXN119,ACC43,2026-06-11 02:27:58.130,3707.73,INR,Fuel
TXN120,ACC42,2026-07-03 02:27:58.130,1324.34,INR,Transfer
TXN121,ACC44,2026-06-24 02:27:58.130,148.23,INR,Salary
TXN122,ACC7,2026-06-11 02:27:58.130,9458.15,INR,Restaurant
TXN123,ACC40,2026-07-01 02:27:58.130,9040.59,INR,Shopping
TXN124,ACC44,2026-06-14 02:27:58.130,5699.88,INR,Shopping
TXN125,ACC14,2026-06-15 02:27:58.130,6962.28,INR,Transfer
TXN126,ACC44,2026-06-26 02:27:58.130,2122.18,INR,Transfer
TXN127,ACC31,2026-06-28 02:27:58.130,4452.79,INR,Shopping
TXN128,ACC34,2026-06-21 02:27:58.130,3063.64,INR,Shopping
TXN129,ACC26,2026-06-28 02:27:58.130,2658.15,INR,Salary
TXN130,ACC12,2026-06-22 02:27:58.130,2006.69,INR,Fuel
TXN131,ACC40,2026-07-01 02:27:58.130,3368.6,INR,Salary
TXN132,ACC2,2026-06-23 02:27:58.130,2725.17,INR,Fuel
TXN133,ACC16,2026-06-16 02:27:58.130,9229.6,INR,Restaurant
TXN134,ACC2,2026-07-01 02:27:58.130,4211.31,INR,Fuel
TXN135,ACC46,2026-06-25 02:27:58.130,4300.75,INR,Salary
TXN136,ACC38,2026-07-04 02:27:58.130,4062.75,INR,Shopping
TXN137,ACC41,2026-06-14 02:27:58.130,5966.04,INR,Fuel
TXN138,ACC17,2026-06-07 02:27:58.130,3164.3,INR,Restaurant
TXN139,ACC28,2026-06-10 02:27:58.130,164.43,INR,Transfer
TXN140,ACC31,2026-06-20 02:27:58.130,2512.52,INR,Shopping
TXN141,ACC46,2026-06-22 02:27:58.130,5176.27,INR,Shopping
TXN142,ACC15,2026-06-22 02:27:58.130,1040.93,INR,Fuel
TXN143,ACC39,2026-06-17 02:27:58.130,6287.21,INR,Salary
TXN144,ACC40,2026-06-25 02:27:58.130,8799.56,INR,Transfer
TXN145,ACC21,2026-06-25 02:27:58.130,9977.02,INR,Shopping
TXN146,ACC5,2026-06-23 02:27:58.130,4339.0,INR,Salary
TXN147,ACC43,2026-06-26 02:27:58.130,5242.24,INR,Restaurant
TXN148,ACC13,2026-06-24 02:27:58.130,9586.06,INR,Shopping
TXN149,ACC13,2026-06-14 02:27:58.130,1136.96,INR,Fuel
TXN150,ACC26,2026-06-12 02:27:58.130,7602.15,INR,Restaurant
TXN151,ACC15,2026-06-30 02:27:58.130,4180.71,INR,Restaurant
TXN152,ACC2,2026-06-28 02:27:58.130,6693.35,INR,Transfer
TXN153,ACC11,2026-07-03 02:27:58.130,5943.83,INR,Restaurant
TXN154,ACC39,2026-06-24 02:27:58.130,2323.88,INR,Shopping
TXN155,ACC41,2026-06-14 02:27:58.130,9689.43,INR,Salary
TXN156,ACC49,2026-06-19 02:27:58.130,8048.97,INR,Shopping
TXN157,ACC2,2026-06-06 02:27:58.130,5869.84,INR,Fuel
TXN158,ACC15,2026-06-18 02:27:58.130,168.93,INR,Transfer
TXN159,ACC2,2026-06-06 02:27:58.130,2745.65,INR,Shopping
TXN160,ACC2,2026-06-12 02:27:58.130,4998.79,INR,Restaurant
TXN161,ACC36,2026-06-28 02:27:58.130,4712.23,INR,Restaurant
TXN162,ACC29,2026-06-12 02:27:58.130,9320.44,INR,Restaurant
TXN163,ACC29,2026-06-15 02:27:58.130,673.0,INR,Restaurant
TXN164,ACC43,2026-06-14 02:27:58.130,7419.61,INR,Transfer
TXN165,ACC9,2026-06-11 02:27:58.130,6195.79,INR,Salary
TXN166,ACC10,2026-06-07 02:27:58.130,3961.75,INR,Shopping
TXN167,ACC41,2026-06-10 02:27:58.130,7886.27,INR,Fuel
TXN168,ACC38,2026-06-17 02:27:58.130,5804.35,INR,Transfer
TXN169,ACC29,2026-06-20 02:27:58.130,3606.95,INR,Fuel
TXN170,ACC33,2026-06-07 02:27:58.130,5852.51,INR,Shopping
TXN171,ACC12,2026-07-06 02:27:58.130,5503.84,INR,Restaurant
TXN172,ACC32,2026-06-16 02:27:58.130,9044.49,INR,Shopping
TXN173,ACC40,2026-06-11 02:27:58.130,5628.44,INR,Transfer
TXN174,ACC43,2026-07-01 02:27:58.130,5036.99,INR,Transfer
TXN175,ACC26,2026-06-06 02:27:58.130,8475.22,INR,Transfer
TXN176,ACC30,2026-06-12 02:27:58.130,8627.32,INR,Shopping
TXN177,ACC11,2026-06-27 02:27:58.130,9309.64,INR,Salary
TXN178,ACC40,2026-06-07 02:27:58.131,8880.41,INR,Fuel
TXN179,ACC42,2026-06-11 02:27:58.131,6716.73,INR,Shopping
TXN180,ACC13,2026-07-01 02:27:58.131,8598.52,INR,Salary
TXN181,ACC9,2026-06-29 02:27:58.131,8743.22,INR,Shopping
TXN182,ACC10,2026-06-12 02:27:58.131,1944.05,INR,Restaurant
TXN183,ACC13,2026-07-01 02:27:58.131,1624.07,INR,Transfer
TXN184,ACC37,2026-06-06 02:27:58.131,5012.07,INR,Restaurant
TXN185,ACC28,2026-06-10 02:27:58.131,3547.65,INR,Restaurant
TXN186,ACC42,2026-07-03 02:27:58.131,9182.47,INR,Restaurant
TXN187,ACC13,2026-06-10 02:27:58.131,7111.1,INR,Restaurant
TXN188,ACC27,2026-06-09 02:27:58.131,5358.99,INR,Fuel
TXN189,ACC46,2026-06-22 02:27:58.131,1176.97,INR,Shopping
TXN190,ACC35,2026-06-13 02:27:58.131,3526.92,INR,Shopping
TXN191,ACC48,2026-07-05 02:27:58.131,9969.61,INR,Transfer
TXN192,ACC38,2026-06-30 02:27:58.131,5691.98,INR,Fuel
TXN193,ACC27,2026-07-02 02:27:58.131,9206.03,INR,Restaurant
TXN194,ACC32,2026-06-14 02:27:58.131,517.27,INR,Shopping
TXN195,ACC29,2026-06-09 02:27:58.131,8764.33,INR,Shopping
TXN196,ACC2,2026-06-12 02:27:58.131,2730.51,INR,Transfer
TXN197,ACC25,2026-06-21 02:27:58.131,7791.91,INR,Restaurant
TXN198,ACC2,2026-07-01 02:27:58.131,5677.09,INR,Restaurant
TXN199,ACC32,2026-06-22 02:27:58.131,6274.38,INR,Restaurant
TXN200,ACC24,2026-06-26 02:27:58.131,7852.4,INR,Fuel
TXN201,ACC19,2026-06-29 02:27:58.131,5007.72,INR,Transfer
TXN202,ACC18,2026-06-17 02:27:58.131,3706.47,INR,Salary
TXN203,ACC20,2026-06-07 02:27:58.131,7642.65,INR,Transfer
TXN204,ACC17,2026-07-03 02:27:58.131,872.08,INR,Transfer
TXN205,ACC19,2026-06-23 02:27:58.131,1521.68,INR,Salary
TXN206,ACC42,2026-06-29 02:27:58.131,7000.45,INR,Shopping
TXN207,ACC42,2026-07-02 02:27:58.131,7728.58,INR,Fuel
TXN208,ACC22,2026-07-04 02:27:58.131,2568.28,INR,Restaurant
TXN209,ACC47,2026-06-18 02:27:58.131,1612.45,INR,Shopping
TXN210,ACC40,2026-06-17 02:27:58.131,3146.51,INR,Fuel
TXN211,ACC43,2026-07-01 02:27:58.131,441.29,INR,Shopping
TXN212,ACC13,2026-07-04 02:27:58.131,7865.63,INR,Restaurant
TXN213,ACC11,2026-06-30 02:27:58.131,385.83,INR,Shopping
TXN214,ACC20,2026-06-08 02:27:58.131,5045.29,INR,Restaurant
TXN215,ACC29,2026-07-01 02:27:58.131,4558.0,INR,Salary
TXN216,ACC23,2026-06-13 02:27:58.131,4839.44,INR,Transfer
TXN217,ACC15,2026-06-17 02:27:58.131,2538.46,INR,Restaurant
TXN218,ACC24,2026-07-02 02:27:58.131,2402.72,INR,Fuel
TXN219,ACC38,2026-06-19 02:27:58.131,8323.23,INR,Shopping
TXN220,ACC4,2026-06-07 02:27:58.131,5642.66,INR,Transfer
TXN221,ACC22,2026-06-26 02:27:58.131,1555.52,INR,Shopping
TXN222,ACC15,2026-06-24 02:27:58.131,889.56,INR,Fuel
TXN223,ACC2,2026-06-24 02:27:58.131,1261.47,INR,Transfer
TXN224,ACC37,2026-06-23 02:27:58.131,403.96,INR,Fuel
TXN225,ACC50,2026-06-09 02:27:58.131,5730.8,INR,Fuel
TXN226,ACC24,2026-07-03 02:27:58.131,1727.6,INR,Salary
TXN227,ACC15,2026-07-02 02:27:58.131,4727.78,INR,Restaurant
TXN228,ACC33,2026-06-13 02:27:58.131,4584.72,INR,Shopping
TXN229,ACC12,2026-06-21 02:27:58.131,7465.35,INR,Salary
TXN230,ACC32,2026-06-25 02:27:58.131,1669.66,INR,Shopping
TXN231,ACC33,2026-07-01 02:27:58.131,7491.59,INR,Transfer
TXN232,ACC38,2026-07-01 02:27:58.131,2666.63,INR,Restaurant
TXN233,ACC14,2026-06-20 02:27:58.131,7677.42,INR,Transfer
TXN234,ACC24,2026-06-15 02:27:58.131,7898.2,INR,Restaurant
TXN235,ACC45,2026-06-10 02:27:58.131,1871.36,INR,Fuel
TXN236,ACC11,2026-06-07 02:27:58.131,2560.04,INR,Salary
TXN237,ACC31,2026-07-02 02:27:58.131,3058.91,INR,Transfer
TXN238,ACC7,2026-06-21 02:27:58.131,580.44,INR,Fuel
TXN239,ACC41,2026-06-16 02:27:58.131,7921.83,INR,Restaurant
TXN240,ACC3,2026-06-21 02:27:58.131,9978.72,INR,Transfer
TXN241,ACC40,2026-06-12 02:27:58.131,5544.05,INR,Shopping
TXN242,ACC5,2026-06-08 02:27:58.131,4849.12,INR,Transfer
TXN243,ACC41,2026-06-18 02:27:58.131,5102.17,INR,Fuel
TXN244,ACC28,2026-07-05 02:27:58.131,9799.2,INR,Shopping
TXN245,ACC24,2026-07-05 02:27:58.131,1107.13,INR,Fuel
TXN246,ACC24,2026-07-05 02:27:58.131,8135.12,INR,Fuel
TXN247,ACC27,2026-06-10 02:27:58.131,1025.17,INR,Fuel
TXN248,ACC15,2026-07-04 02:27:58.131,9300.78,INR,Shopping
TXN249,ACC49,2026-06-08 02:27:58.131,6944.19,INR,Shopping
TXN250,ACC24,2026-07-03 02:27:58.131,980.79,INR,Shopping
TXN251,ACC32,2026-06-29 02:27:58.131,4429.0,INR,Restaurant
TXN252,ACC9,2026-06-28 02:27:58.131,5049.36,INR,Fuel
TXN253,ACC2,2026-06-09 02:27:58.131,8576.08,INR,Shopping
TXN254,ACC13,2026-06-24 02:27:58.131,467.71,INR,Shopping
TXN255,ACC44,2026-06-09 02:27:58.131,2560.43,INR,Shopping
TXN256,ACC25,2026-06-21 02:27:58.131,4553.06,INR,Salary
TXN257,ACC10,2026-06-29 02:27:58.131,5833.56,INR,Fuel
TXN258,ACC34,2026-06-18 02:27:58.131,6616.81,INR,Restaurant
TXN259,ACC25,2026-06-24 02:27:58.131,484.95,INR,Transfer
TXN260,ACC29,2026-06-27 02:27:58.131,3753.19,INR,Salary
TXN261,ACC8,2026-06-12 02:27:58.131,4561.1,INR,Shopping
TXN262,ACC6,2026-06-27 02:27:58.131,8574.07,INR,Shopping
TXN263,ACC36,2026-07-03 02:27:58.131,5789.66,INR,Restaurant
TXN264,ACC4,2026-06-13 02:27:58.131,2156.82,INR,Fuel
TXN265,ACC17,2026-06-13 02:27:58.131,5299.62,INR,Fuel
TXN266,ACC19,2026-06-26 02:27:58.131,8471.66,INR,Transfer
TXN267,ACC32,2026-06-17 02:27:58.131,8478.08,INR,Salary
TXN268,ACC2,2026-06-09 02:27:58.131,8426.86,INR,Transfer
TXN269,ACC27,2026-07-03 02:27:58.131,6009.74,INR,Restaurant
TXN270,ACC25,2026-06-25 02:27:58.131,8125.31,INR,Transfer
TXN271,ACC24,2026-06-13 02:27:58.131,1085.09,INR,Restaurant
TXN272,ACC3,2026-06-13 02:27:58.131,9375.76,INR,Salary
TXN273,ACC40,2026-06-16 02:27:58.131,9219.88,INR,Restaurant
TXN274,ACC43,2026-06-27 02:27:58.131,8433.71,INR,Transfer
TXN275,ACC47,2026-06-29 02:27:58.131,9238.27,INR,Restaurant
TXN276,ACC49,2026-07-01 02:27:58.131,6613.51,INR,Restaurant
TXN277,ACC27,2026-06-28 02:27:58.131,8422.11,INR,Shopping
TXN278,ACC12,2026-06-28 02:27:58.131,6230.89,INR,Fuel
TXN279,ACC3,2026-06-22 02:27:58.131,1708.2,INR,Transfer
TXN280,ACC2,2026-06-21 02:27:58.131,5156.41,INR,Restaurant
TXN281,ACC43,2026-06-20 02:27:58.131,4749.81,INR,Fuel
TXN282,ACC38,2026-06-18 02:27:58.131,7807.18,INR,Shopping
TXN283,ACC14,2026-06-30 02:27:58.131,4559.88,INR,Shopping
TXN284,ACC4,2026-06-25 02:27:58.131,2843.67,INR,Transfer
TXN285,ACC38,2026-06-16 02:27:58.131,9056.99,INR,Salary
TXN286,ACC44,2026-06-28 02:27:58.131,3709.95,INR,Transfer
TXN287,ACC14,2026-06-09 02:27:58.131,675.9,INR,Shopping
TXN288,ACC14,2026-06-20 02:27:58.131,1828.5,INR,Transfer
TXN289,ACC10,2026-06-06 02:27:58.131,1449.12,INR,Fuel
TXN290,ACC17,2026-06-26 02:27:58.131,2074.75,INR,Shopping
TXN291,ACC10,2026-06-17 02:27:58.131,5709.67,INR,Fuel
TXN292,ACC40,2026-06-29 02:27:58.131,5132.02,INR,Transfer
TXN293,ACC32,2026-07-06 02:27:58.131,7955.97,INR,Transfer
TXN294,ACC43,2026-06-17 02:27:58.131,5139.4,INR,Salary
TXN295,ACC21,2026-06-13 02:27:58.131,8282.91,INR,Transfer
TXN296,ACC48,2026-07-05 02:27:58.131,8222.94,INR,Transfer
TXN297,ACC12,2026-06-21 02:27:58.131,8979.64,INR,Fuel
TXN298,ACC24,2026-07-06 02:27:58.131,6497.85,INR,Transfer
TXN299,ACC41,2026-06-11 02:27:58.131,5961.83,INR,Fuel
TXN300,ACC39,2026-06-29 02:27:58.131,9689.96,INR,Transfer
TXN301,ACC44,2026-06-15 02:27:58.131,8527.45,INR,Salary
TXN302,ACC10,2026-06-20 02:27:58.131,9465.72,INR,Fuel
TXN303,ACC19,2026-06-11 02:27:58.131,1181.86,INR,Shopping
TXN304,ACC32,2026-06-25 02:27:58.131,2787.06,INR,Shopping
TXN305,ACC15,2026-06-07 02:27:58.131,9243.07,INR,Transfer
TXN306,ACC46,2026-07-01 02:27:58.131,6469.07,INR,Restaurant
TXN307,ACC24,2026-06-08 02:27:58.131,3528.1,INR,Transfer
TXN308,ACC42,2026-06-15 02:27:58.131,3397.98,INR,Restaurant
TXN309,ACC4,2026-06-20 02:27:58.131,9134.51,INR,Transfer
TXN310,ACC13,2026-06-11 02:27:58.131,7645.03,INR,Transfer
TXN311,ACC16,2026-06-23 02:27:58.131,9374.61,INR,Transfer
TXN312,ACC36,2026-06-21 02:27:58.131,6264.73,INR,Transfer
TXN313,ACC8,2026-06-15 02:27:58.131,886.81,INR,Fuel
TXN314,ACC13,2026-06-20 02:27:58.131,3411.75,INR,Transfer
TXN315,ACC16,2026-06-15 02:27:58.131,2051.62,INR,Salary
TXN316,ACC49,2026-06-10 02:27:58.131,3932.06,INR,Fuel
TXN317,ACC22,2026-06-26 02:27:58.131,6038.74,INR,Fuel
TXN318,ACC22,2026-06-14 02:27:58.131,8515.64,INR,Shopping
TXN319,ACC41,2026-06-26 02:27:58.131,584.67,INR,Restaurant
TXN320,ACC2,2026-07-02 02:27:58.131,695.5,INR,Shopping
TXN321,ACC34,2026-06-10 02:27:58.131,9846.17,INR,Restaurant
TXN322,ACC42,2026-07-03 02:27:58.131,893.24,INR,Fuel
TXN323,ACC2,2026-06-17 02:27:58.131,7713.28,INR,Shopping
TXN324,ACC24,2026-06-08 02:27:58.131,5334.63,INR,Fuel
TXN325,ACC3,2026-06-28 02:27:58.131,8932.36,INR,Transfer
TXN326,ACC30,2026-06-14 02:27:58.131,6451.27,INR,Fuel
TXN327,ACC26,2026-06-20 02:27:58.131,6293.47,INR,Restaurant
TXN328,ACC36,2026-07-05 02:27:58.131,222.58,INR,Transfer
TXN329,ACC35,2026-06-30 02:27:58.131,3201.2,INR,Restaurant
TXN330,ACC1,2026-06-08 02:27:58.131,557.11,INR,Fuel
TXN331,ACC4,2026-06-15 02:27:58.131,3576.22,INR,Salary
TXN332,ACC13,2026-06-22 02:27:58.131,7752.93,INR,Transfer
TXN333,ACC12,2026-06-21 02:27:58.131,8875.62,INR,Restaurant
TXN334,ACC12,2026-07-06 02:27:58.131,5981.97,INR,Shopping
TXN335,ACC25,2026-06-07 02:27:58.131,7083.12,INR,Salary
TXN336,ACC3,2026-06-30 02:27:58.131,1159.69,INR,Salary
TXN337,ACC46,2026-07-06 02:27:58.131,4328.36,INR,Restaurant
TXN338,ACC14,2026-06-30 02:27:58.131,6211.9,INR,Transfer
TXN339,ACC1,2026-06-25 02:27:58.131,7307.73,INR,Restaurant
TXN340,ACC34,2026-06-21 02:27:58.131,4657.89,INR,Restaurant
TXN341,ACC8,2026-07-02 02:27:58.131,5319.33,INR,Shopping
TXN342,ACC7,2026-06-27 02:27:58.131,9900.37,INR,Transfer
TXN343,ACC13,2026-06-11 02:27:58.131,7415.89,INR,Transfer
TXN344,ACC50,2026-07-04 02:27:58.131,108.37,INR,Transfer
TXN345,ACC45,2026-06-11 02:27:58.131,2225.06,INR,Transfer
TXN346,ACC43,2026-07-06 02:27:58.131,6654.87,INR,Shopping
TXN347,ACC45,2026-06-08 02:27:58.131,5070.3,INR,Fuel
TXN348,ACC23,2026-06-11 02:27:58.131,6620.34,INR,Shopping
TXN349,ACC20,2026-07-03 02:27:58.131,3044.55,INR,Restaurant
TXN350,ACC5,2026-07-01 02:27:58.131,2493.65,INR,Salary
TXN351,ACC4,2026-06-17 02:27:58.131,3178.53,INR,Salary
TXN352,ACC32,2026-06-12 02:27:58.131,6870.7,INR,Restaurant
TXN353,ACC43,2026-07-03 02:27:58.131,1546.37,INR,Transfer
TXN354,ACC13,2026-06-23 02:27:58.131,6938.39,INR,Restaurant
TXN355,ACC28,2026-06-20 02:27:58.131,5321.83,INR,Fuel
TXN356,ACC45,2026-06-13 02:27:58.131,212.44,INR,Transfer
TXN357,ACC25,2026-07-04 02:27:58.131,4553.69,INR,Restaurant
TXN358,ACC1,2026-06-15 02:27:58.131,2956.53,INR,Transfer
TXN359,ACC24,2026-06-24 02:27:58.131,967.21,INR,Salary
TXN360,ACC49,2026-07-06 02:27:58.131,7303.72,INR,Fuel
TXN361,ACC22,2026-06-09 02:27:58.131,5148.6,INR,Shopping
TXN362,ACC8,2026-06-22 02:27:58.131,6003.47,INR,Shopping
TXN363,ACC48,2026-06-10 02:27:58.131,5758.22,INR,Transfer
TXN364,ACC4,2026-06-22 02:27:58.131,4894.6,INR,Shopping
TXN365,ACC2,2026-06-25 02:27:58.131,4512.89,INR,Salary
TXN366,ACC44,2026-07-02 02:27:58.131,3865.74,INR,Restaurant
TXN367,ACC25,2026-06-12 02:27:58.131,6864.98,INR,Transfer
TXN368,ACC22,2026-06-21 02:27:58.131,7930.61,INR,Salary
TXN369,ACC9,2026-06-12 02:27:58.131,6055.27,INR,Salary
TXN370,ACC34,2026-06-24 02:27:58.131,2007.74,INR,Restaurant
TXN371,ACC18,2026-06-15 02:27:58.131,677.48,INR,Shopping
TXN372,ACC42,2026-07-02 02:27:58.131,209.37,INR,Shopping
TXN373,ACC17,2026-06-10 02:27:58.131,8320.46,INR,Fuel
TXN374,ACC10,2026-06-15 02:27:58.131,2353.49,INR,Transfer
TXN375,ACC27,2026-06-23 02:27:58.131,8358.14,INR,Fuel
TXN376,ACC12,2026-06-23 02:27:58.131,7634.67,INR,Shopping
TXN377,ACC26,2026-06-19 02:27:58.131,9985.85,INR,Restaurant
TXN378,ACC7,2026-06-18 02:27:58.131,8559.85,INR,Salary
TXN379,ACC6,2026-06-18 02:27:58.131,130.42,INR,Shopping
TXN380,ACC45,2026-06-18 02:27:58.131,9644.64,INR,Salary
TXN381,ACC1,2026-06-11 02:27:58.131,5677.35,INR,Fuel
TXN382,ACC44,2026-06-15 02:27:58.131,7283.53,INR,Salary
TXN383,ACC28,2026-06-20 02:27:58.131,2790.44,INR,Restaurant
TXN384,ACC12,2026-06-24 02:27:58.131,4642.45,INR,Restaurant
TXN385,ACC21,2026-06-19 02:27:58.131,5244.16,INR,Transfer
TXN386,ACC3,2026-07-01 02:27:58.131,3794.41,INR,Restaurant
TXN387,ACC16,2026-06-15 02:27:58.131,6346.73,INR,Salary
TXN388,ACC36,2026-06-15 02:27:58.131,2586.67,INR,Fuel
TXN389,ACC33,2026-06-16 02:27:58.131,5828.22,INR,Restaurant
TXN390,ACC8,2026-07-05 02:27:58.131,1937.84,INR,Shopping
TXN391,ACC49,2026-06-27 02:27:58.131,6295.85,INR,Fuel
TXN392,ACC24,2026-06-14 02:27:58.131,1131.31,INR,Shopping
TXN393,ACC21,2026-06-18 02:27:58.131,3199.72,INR,Restaurant
TXN394,ACC39,2026-06-17 02:27:58.131,4617.35,INR,Restaurant
TXN395,ACC47,2026-06-08 02:27:58.131,2408.27,INR,Shopping
TXN396,ACC41,2026-06-13 02:27:58.131,5855.83,INR,Fuel
TXN397,ACC45,2026-07-05 02:27:58.131,7286.0,INR,Fuel
TXN398,ACC22,2026-06-11 02:27:58.131,8926.35,INR,Restaurant
TXN399,ACC41,2026-06-18 02:27:58.131,1550.85,INR,Fuel
TXN400,ACC50,2026-06-16 02:27:58.131,8533.46,INR,Shopping
TXN401,ACC44,2026-06-07 02:27:58.131,3703.97,INR,Transfer
TXN402,ACC36,2026-06-12 02:27:58.132,1400.66,INR,Restaurant
TXN403,ACC39,2026-06-28 02:27:58.132,5667.14,INR,Fuel
TXN404,ACC13,2026-06-28 02:27:58.132,2013.13,INR,Shopping
TXN405,ACC12,2026-06-25 02:27:58.132,5245.59,INR,Fuel
TXN406,ACC29,2026-06-16 02:27:58.132,9788.07,INR,Restaurant
TXN407,ACC25,2026-06-18 02:27:58.132,6657.11,INR,Fuel
TXN408,ACC14,2026-07-02 02:27:58.132,5744.55,INR,Fuel
TXN409,ACC21,2026-06-27 02:27:58.132,9314.84,INR,Fuel
TXN410,ACC21,2026-06-23 02:27:58.132,8115.65,INR,Restaurant
TXN411,ACC46,2026-06-19 02:27:58.132,4726.43,INR,Salary
TXN412,ACC16,2026-06-26 02:27:58.132,630.08,INR,Transfer
TXN413,ACC40,2026-06-11 02:27:58.132,3011.4,INR,Restaurant
TXN414,ACC30,2026-07-03 02:27:58.132,1283.5,INR,Transfer
TXN415,ACC36,2026-07-04 02:27:58.132,6387.22,INR,Shopping
TXN416,ACC3,2026-06-27 02:27:58.132,7284.24,INR,Transfer
TXN417,ACC22,2026-06-08 02:27:58.132,9361.39,INR,Shopping
TXN418,ACC45,2026-07-03 02:27:58.132,300.05,INR,Restaurant
TXN419,ACC34,2026-07-01 02:27:58.132,2875.18,INR,Transfer
TXN420,ACC37,2026-06-13 02:27:58.132,190.71,INR,Salary
TXN421,ACC3,2026-06-18 02:27:58.132,5367.23,INR,Fuel
TXN422,ACC28,2026-06-27 02:27:58.132,8558.88,INR,Shopping
TXN423,ACC23,2026-06-12 02:27:58.132,3058.67,INR,Transfer
TXN424,ACC44,2026-06-07 02:27:58.132,7298.84,INR,Shopping
TXN425,ACC19,2026-07-01 02:27:58.132,8505.32,INR,Shopping
TXN426,ACC35,2026-06-08 02:27:58.132,211.84,INR,Restaurant
TXN427,ACC47,2026-06-23 02:27:58.132,9543.54,INR,Transfer
TXN428,ACC46,2026-06-11 02:27:58.132,2936.94,INR,Transfer
TXN429,ACC15,2026-06-29 02:27:58.132,107.51,INR,Restaurant
TXN430,ACC26,2026-06-21 02:27:58.132,3395.22,INR,Fuel
TXN431,ACC19,2026-06-26 02:27:58.132,8079.7,INR,Fuel
TXN432,ACC18,2026-06-27 02:27:58.132,8155.59,INR,Shopping
TXN433,ACC9,2026-07-06 02:27:58.132,872.59,INR,Salary
TXN434,ACC26,2026-06-27 02:27:58.132,1080.3,INR,Transfer
TXN435,ACC26,2026-06-15 02:27:58.132,9671.61,INR,Transfer
TXN436,ACC36,2026-07-06 02:27:58.132,5408.35,INR,Restaurant
TXN437,ACC41,2026-06-13 02:27:58.132,1882.02,INR,Fuel
TXN438,ACC18,2026-06-11 02:27:58.132,5378.3,INR,Fuel
TXN439,ACC31,2026-06-24 02:27:58.132,3397.63,INR,Fuel
TXN440,ACC42,2026-07-02 02:27:58.132,4889.08,INR,Transfer
TXN441,ACC19,2026-06-22 02:27:58.132,8568.31,INR,Salary
TXN442,ACC18,2026-06-29 02:27:58.132,5135.58,INR,Shopping
TXN443,ACC9,2026-06-22 02:27:58.132,9301.23,INR,Shopping
TXN444,ACC36,2026-06-19 02:27:58.132,3584.22,INR,Transfer
TXN445,ACC15,2026-07-06 02:27:58.132,748.16,INR,Salary
TXN446,ACC38,2026-06-12 02:27:58.132,8225.28,INR,Shopping
TXN447,ACC6,2026-06-14 02:27:58.132,8691.02,INR,Restaurant
TXN448,ACC37,2026-06-13 02:27:58.132,3628.23,INR,Shopping
TXN449,ACC20,2026-06-17 02:27:58.132,3197.89,INR,Salary
TXN450,ACC41,2026-06-30 02:27:58.132,3661.05,INR,Salary
TXN451,ACC29,2026-06-19 02:27:58.132,1401.18,INR,Transfer
TXN452,ACC44,2026-06-09 02:27:58.132,6308.23,INR,Shopping
TXN453,ACC32,2026-06-26 02:27:58.132,9306.28,INR,Restaurant
TXN454,ACC45,2026-06-22 02:27:58.132,6459.39,INR,Restaurant
TXN455,ACC46,2026-07-04 02:27:58.132,3677.92,INR,Restaurant
TXN456,ACC28,2026-06-25 02:27:58.132,727.65,INR,Shopping
TXN457,ACC11,2026-06-12 02:27:58.132,2997.74,INR,Fuel
TXN458,ACC11,2026-06-17 02:27:58.132,4697.75,INR,Shopping
TXN459,ACC33,2026-07-03 02:27:58.132,6894.38,INR,Fuel
TXN460,ACC8,2026-06-06 02:27:58.132,564.12,INR,Transfer
TXN461,ACC26,2026-06-12 02:27:58.132,7079.48,INR,Transfer
TXN462,ACC32,2026-07-01 02:27:58.132,6806.09,INR,Transfer
TXN463,ACC19,2026-07-05 02:27:58.132,3753.61,INR,Shopping
TXN464,ACC37,2026-06-21 02:27:58.132,5742.87,INR,Salary
TXN465,ACC13,2026-06-26 02:27:58.132,2633.31,INR,Restaurant
TXN466,ACC26,2026-07-02 02:27:58.132,5994.41,INR,Salary
TXN467,ACC20,2026-06-19 02:27:58.132,6042.76,INR,Salary
TXN468,ACC18,2026-06-25 02:27:58.132,3527.33,INR,Fuel
TXN469,ACC11,2026-06-28 02:27:58.132,5788.66,INR,Fuel
TXN470,ACC18,2026-06-15 02:27:58.132,7490.15,INR,Shopping
TXN471,ACC38,2026-06-08 02:27:58.132,3417.35,INR,Fuel
TXN472,ACC24,2026-06-23 02:27:58.132,290.28,INR,Restaurant
TXN473,ACC33,2026-06-23 02:27:58.132,4933.1,INR,Salary
TXN474,ACC17,2026-07-06 02:27:58.132,6873.13,INR,Restaurant
TXN475,ACC42,2026-06-24 02:27:58.132,4029.58,INR,Shopping
TXN476,ACC27,2026-07-04 02:27:58.132,7564.76,INR,Shopping
TXN477,ACC31,2026-06-28 02:27:58.132,4773.25,INR,Restaurant
TXN478,ACC28,2026-06-17 02:27:58.132,7599.16,INR,Transfer
TXN479,ACC26,2026-06-13 02:27:58.132,7007.29,INR,Salary
TXN480,ACC42,2026-06-26 02:27:58.132,5109.47,INR,Fuel
TXN481,ACC13,2026-06-13 02:27:58.132,3210.48,INR,Salary
TXN482,ACC32,2026-06-22 02:27:58.132,9787.46,INR,Shopping
TXN483,ACC50,2026-07-03 02:27:58.132,4698.25,INR,Transfer
TXN484,ACC23,2026-06-13 02:27:58.132,9534.38,INR,Restaurant
TXN485,ACC41,2026-07-06 02:27:58.132,7532.95,INR,Salary
TXN486,ACC13,2026-06-30 02:27:58.132,8108.24,INR,Restaurant
TXN487,ACC29,2026-06-24 02:27:58.132,6546.08,INR,Shopping
TXN488,ACC8,2026-06-20 02:27:58.132,4709.89,INR,Transfer
TXN489,ACC39,2026-06-07 02:27:58.132,1506.17,INR,Restaurant
TXN490,ACC15,2026-06-18 02:27:58.132,4599.97,INR,Restaurant
TXN491,ACC28,2026-06-19 02:27:58.132,7098.09,INR,Transfer
TXN492,ACC27,2026-06-23 02:27:58.132,3086.12,INR,Transfer
TXN493,ACC29,2026-06-27 02:27:58.132,3104.44,INR,Fuel
TXN494,ACC39,2026-06-11 02:27:58.132,8861.19,INR,Shopping
TXN495,ACC23,2026-06-29 02:27:58.132,2017.86,INR,Fuel
TXN496,ACC12,2026-06-11 02:27:58.132,2232.4,INR,Shopping
TXN497,ACC48,2026-07-04 02:27:58.132,4039.03,INR,Transfer
TXN498,ACC33,2026-06-15 02:27:58.132,5653.48,INR,Salary
TXN499,ACC21,2026-06-27 02:27:58.132,7675.89,INR,Shopping
TXN500,ACC16,2026-06-16 02:27:58.132,1580.73,INR,Transfer
TXN501,ACC35,2026-06-24 02:27:58.132,3836.28,INR,Salary
TXN502,ACC31,2026-06-29 02:27:58.132,9170.59,INR,Shopping
TXN503,ACC47,2026-06-24 02:27:58.132,3323.35,INR,Transfer
TXN504,ACC3,2026-06-12 02:27:58.132,139.99,INR,Shopping
TXN505,ACC21,2026-07-05 02:27:58.132,3510.63,INR,Fuel
TXN506,ACC50,2026-06-15 02:27:58.132,9680.96,INR,Salary
TXN507,ACC48,2026-07-06 02:27:58.132,9413.61,INR,Restaurant
TXN508,ACC23,2026-07-02 02:27:58.132,5601.77,INR,Restaurant
TXN509,ACC27,2026-06-06 02:27:58.132,3583.44,INR,Shopping
TXN510,ACC45,2026-06-21 02:27:58.132,3788.19,INR,Transfer
TXN511,ACC21,2026-06-15 02:27:58.132,9850.5,INR,Shopping
TXN512,ACC45,2026-06-09 02:27:58.132,5450.93,INR,Transfer
TXN513,ACC43,2026-06-13 02:27:58.132,4929.67,INR,Shopping
TXN514,ACC18,2026-06-08 02:27:58.132,8610.29,INR,Fuel
TXN515,ACC24,2026-06-09 02:27:58.132,4704.17,INR,Restaurant
TXN516,ACC16,2026-06-10 02:27:58.132,3804.46,INR,Shopping
TXN517,ACC33,2026-06-23 02:27:58.132,4004.72,INR,Fuel
TXN518,ACC48,2026-06-12 02:27:58.132,4319.18,INR,Restaurant
TXN519,ACC24,2026-06-26 02:27:58.132,8470.4,INR,Shopping
TXN520,ACC17,2026-06-19 02:27:58.132,6249.76,INR,Transfer
TXN521,ACC50,2026-06-08 02:27:58.132,5385.59,INR,Restaurant
TXN522,ACC35,2026-06-14 02:27:58.132,3370.2,INR,Salary
TXN523,ACC5,2026-06-24 02:27:58.132,8543.9,INR,Transfer
TXN524,ACC47,2026-07-01 02:27:58.132,9171.18,INR,Restaurant
TXN525,ACC9,2026-06-10 02:27:58.132,7967.46,INR,Shopping
TXN526,ACC20,2026-06-08 02:27:58.132,9049.0,INR,Shopping
TXN527,ACC17,2026-06-17 02:27:58.132,5881.53,INR,Shopping
TXN528,ACC44,2026-06-06 02:27:58.132,5432.17,INR,Shopping
TXN529,ACC26,2026-07-02 02:27:58.132,5018.12,INR,Fuel
TXN530,ACC37,2026-06-11 02:27:58.132,663.46,INR,Transfer
TXN531,ACC18,2026-07-05 02:27:58.132,3018.6,INR,Restaurant
TXN532,ACC24,2026-06-10 02:27:58.132,9066.45,INR,Restaurant
TXN533,ACC29,2026-07-04 02:27:58.132,9020.84,INR,Shopping
TXN534,ACC31,2026-06-21 02:27:58.132,2185.09,INR,Shopping
TXN535,ACC3,2026-07-05 02:27:58.132,3210.25,INR,Salary
TXN536,ACC10,2026-06-18 02:27:58.132,9895.69,INR,Salary
TXN537,ACC3,2026-06-13 02:27:58.132,7788.41,INR,Fuel
TXN538,ACC13,2026-06-20 02:27:58.132,4233.8,INR,Shopping
TXN539,ACC17,2026-06-11 02:27:58.132,3294.66,INR,Transfer
TXN540,ACC35,2026-06-15 02:27:58.132,8464.18,INR,Fuel
TXN541,ACC18,2026-07-05 02:27:58.132,416.86,INR,Transfer
TXN542,ACC29,2026-07-03 02:27:58.132,8697.24,INR,Fuel
TXN543,ACC2,2026-06-11 02:27:58.132,5580.64,INR,Salary
TXN544,ACC9,2026-06-27 02:27:58.132,5577.4,INR,Fuel
TXN545,ACC21,2026-06-16 02:27:58.132,694.67,INR,Shopping
TXN546,ACC34,2026-06-27 02:27:58.132,7384.33,INR,Fuel
TXN547,ACC17,2026-06-10 02:27:58.132,2517.78,INR,Transfer
TXN548,ACC35,2026-06-27 02:27:58.132,2505.34,INR,Shopping
TXN549,ACC35,2026-07-02 02:27:58.132,6746.0,INR,Salary
TXN550,ACC7,2026-07-02 02:27:58.132,4548.64,INR,Salary
TXN551,ACC17,2026-06-18 02:27:58.132,6257.68,INR,Shopping
TXN552,ACC14,2026-06-08 02:27:58.132,5486.95,INR,Fuel
TXN553,ACC12,2026-06-08 02:27:58.132,611.86,INR,Salary
TXN554,ACC7,2026-06-16 02:27:58.132,4188.01,INR,Fuel
TXN555,ACC48,2026-06-20 02:27:58.132,906.31,INR,Shopping
TXN556,ACC9,2026-07-01 02:27:58.132,8926.72,INR,Salary
TXN557,ACC49,2026-06-29 02:27:58.132,8226.89,INR,Restaurant
TXN558,ACC20,2026-06-26 02:27:58.132,9406.46,INR,Transfer
TXN559,ACC19,2026-06-19 02:27:58.132,8866.85,INR,Restaurant
TXN560,ACC35,2026-06-06 02:27:58.132,1154.23,INR,Transfer
TXN561,ACC30,2026-06-11 02:27:58.132,2815.36,INR,Salary
TXN562,ACC35,2026-06-20 02:27:58.132,1109.19,INR,Restaurant
TXN563,ACC21,2026-06-24 02:27:58.132,8320.2,INR,Fuel
TXN564,ACC29,2026-06-12 02:27:58.132,9469.6,INR,Fuel
TXN565,ACC13,2026-06-10 02:27:58.132,3767.32,INR,Salary
TXN566,ACC42,2026-07-06 02:27:58.132,5832.11,INR,Restaurant
TXN567,ACC41,2026-06-30 02:27:58.132,8673.05,INR,Fuel
TXN568,ACC37,2026-06-09 02:27:58.132,8765.88,INR,Shopping
TXN569,ACC42,2026-06-11 02:27:58.132,422.2,INR,Fuel
TXN570,ACC44,2026-06-20 02:27:58.132,2037.23,INR,Transfer
TXN571,ACC7,2026-07-05 02:27:58.132,5666.51,INR,Transfer
TXN572,ACC48,2026-07-02 02:27:58.132,5817.06,INR,Fuel
TXN573,ACC39,2026-06-28 02:27:58.132,9259.03,INR,Salary
TXN574,ACC46,2026-06-08 02:27:58.132,3600.62,INR,Restaurant
TXN575,ACC3,2026-07-01 02:27:58.132,2125.25,INR,Transfer
TXN576,ACC41,2026-06-24 02:27:58.132,7698.32,INR,Shopping
TXN577,ACC37,2026-06-30 02:27:58.132,6816.46,INR,Restaurant
TXN578,ACC48,2026-06-28 02:27:58.132,9580.08,INR,Fuel
TXN579,ACC11,2026-06-18 02:27:58.132,9443.55,INR,Transfer
TXN580,ACC28,2026-06-09 02:27:58.132,152.13,INR,Shopping
TXN581,ACC15,2026-06-11 02:27:58.132,1371.59,INR,Shopping
TXN582,ACC36,2026-06-14 02:27:58.132,4116.43,INR,Restaurant
TXN583,ACC39,2026-06-22 02:27:58.132,9574.01,INR,Fuel
TXN584,ACC37,2026-06-25 02:27:58.132,6518.2,INR,Fuel
TXN585,ACC48,2026-06-07 02:27:58.132,9819.56,INR,Shopping
TXN586,ACC18,2026-06-16 02:27:58.132,8483.98,INR,Salary
TXN587,ACC44,2026-06-11 02:27:58.132,2183.66,INR,Restaurant
TXN588,ACC16,2026-06-11 02:27:58.132,8054.08,INR,Transfer
TXN589,ACC29,2026-06-06 02:27:58.132,6404.56,INR,Salary
TXN590,ACC21,2026-07-05 02:27:58.132,3682.06,INR,Transfer
TXN591,ACC26,2026-06-10 02:27:58.132,223.76,INR,Shopping
TXN592,ACC19,2026-06-15 02:27:58.132,3518.24,INR,Fuel
TXN593,ACC38,2026-07-04 02:27:58.132,8197.32,INR,Restaurant
TXN594,ACC26,2026-06-11 02:27:58.132,3307.21,INR,Salary
TXN595,ACC44,2026-06-29 02:27:58.132,4860.43,INR,Transfer
TXN596,ACC22,2026-06-25 02:27:58.132,4402.19,INR,Restaurant
TXN597,ACC42,2026-07-03 02:27:58.132,7466.43,INR,Transfer
TXN598,ACC18,2026-06-28 02:27:58.132,3209.47,INR,Transfer
TXN599,ACC15,2026-06-12 02:27:58.132,158.96,INR,Shopping
TXN600,ACC26,2026-06-18 02:27:58.132,1338.71,INR,Salary
TXN601,ACC45,2026-06-21 02:27:58.132,1925.74,INR,Salary
TXN602,ACC49,2026-06-11 02:27:58.132,3294.66,INR,Restaurant
TXN603,ACC15,2026-06-07 02:27:58.132,3284.67,INR,Transfer
TXN604,ACC8,2026-06-22 02:27:58.132,9066.42,INR,Transfer
TXN605,ACC1,2026-06-20 02:27:58.132,6397.99,INR,Fuel
TXN606,ACC40,2026-06-19 02:27:58.132,9374.87,INR,Fuel
TXN607,ACC34,2026-06-09 02:27:58.132,9548.13,INR,Transfer
TXN608,ACC36,2026-06-30 02:27:58.132,9014.37,INR,Restaurant
TXN609,ACC40,2026-06-06 02:27:58.132,5091.66,INR,Salary
TXN610,ACC33,2026-07-05 02:27:58.132,8152.17,INR,Shopping
TXN611,ACC30,2026-06-30 02:27:58.132,8010.77,INR,Transfer
TXN612,ACC39,2026-06-16 02:27:58.132,1652.02,INR,Fuel
TXN613,ACC15,2026-07-05 02:27:58.132,9045.49,INR,Transfer
TXN614,ACC41,2026-06-29 02:27:58.132,1567.26,INR,Restaurant
TXN615,ACC17,2026-06-24 02:27:58.132,927.08,INR,Fuel
TXN616,ACC8,2026-07-04 02:27:58.132,3941.32,INR,Transfer
TXN617,ACC38,2026-07-01 02:27:58.132,1001.32,INR,Fuel
TXN618,ACC20,2026-06-09 02:27:58.132,4731.63,INR,Salary
TXN619,ACC34,2026-06-07 02:27:58.132,8340.12,INR,Salary
TXN620,ACC1,2026-06-30 02:27:58.132,7394.24,INR,Shopping
TXN621,ACC22,2026-06-29 02:27:58.132,1382.85,INR,Transfer
TXN622,ACC23,2026-06-27 02:27:58.132,9203.0,INR,Salary
TXN623,ACC4,2026-06-18 02:27:58.132,7600.12,INR,Restaurant
TXN624,ACC17,2026-06-13 02:27:58.132,6071.99,INR,Shopping
TXN625,ACC33,2026-06-14 02:27:58.132,8635.72,INR,Fuel
TXN626,ACC12,2026-06-22 02:27:58.132,5976.55,INR,Salary
TXN627,ACC14,2026-06-23 02:27:58.132,5000.95,INR,Transfer
TXN628,ACC23,2026-07-04 02:27:58.132,3859.49,INR,Shopping
TXN629,ACC37,2026-06-06 02:27:58.132,5668.56,INR,Salary
TXN630,ACC12,2026-06-10 02:27:58.132,4340.46,INR,Salary
TXN631,ACC49,2026-06-20 02:27:58.132,2126.21,INR,Shopping
TXN632,ACC10,2026-06-11 02:27:58.132,4405.15,INR,Restaurant
TXN633,ACC23,2026-06-20 02:27:58.132,3142.76,INR,Restaurant
TXN634,ACC3,2026-06-29 02:27:58.132,385.62,INR,Shopping
TXN635,ACC40,2026-06-18 02:27:58.132,4239.61,INR,Shopping
TXN636,ACC16,2026-06-12 02:27:58.132,7482.36,INR,Salary
TXN637,ACC26,2026-06-28 02:27:58.132,7589.85,INR,Shopping
TXN638,ACC39,2026-06-23 02:27:58.132,508.11,INR,Transfer
TXN639,ACC34,2026-06-21 02:27:58.132,7355.04,INR,Transfer
TXN640,ACC33,2026-06-10 02:27:58.132,1472.83,INR,Transfer
TXN641,ACC2,2026-06-08 02:27:58.132,3871.95,INR,Fuel
TXN642,ACC48,2026-06-10 02:27:58.132,9095.6,INR,Restaurant
TXN643,ACC1,2026-06-08 02:27:58.132,9420.61,INR,Fuel
TXN644,ACC46,2026-07-05 02:27:58.132,2122.36,INR,Restaurant
TXN645,ACC9,2026-06-23 02:27:58.132,3052.26,INR,Restaurant
TXN646,ACC43,2026-06-06 02:27:58.132,5792.63,INR,Restaurant
TXN647,ACC16,2026-06-07 02:27:58.132,8425.6,INR,Restaurant
TXN648,ACC3,2026-07-03 02:27:58.132,9488.63,INR,Salary
TXN649,ACC8,2026-06-12 02:27:58.132,6257.45,INR,Transfer
TXN650,ACC23,2026-06-10 02:27:58.132,6438.31,INR,Fuel
TXN651,ACC48,2026-06-14 02:27:58.132,7206.17,INR,Salary
TXN652,ACC45,2026-07-04 02:27:58.132,2445.28,INR,Restaurant
TXN653,ACC15,2026-06-07 02:27:58.132,3431.45,INR,Restaurant
TXN654,ACC30,2026-07-05 02:27:58.132,5432.45,INR,Fuel
TXN655,ACC39,2026-06-16 02:27:58.132,3804.84,INR,Restaurant
TXN656,ACC19,2026-06-06 02:27:58.132,7803.09,INR,Shopping
TXN657,ACC45,2026-06-18 02:27:58.132,3084.22,INR,Fuel
TXN658,ACC13,2026-06-06 02:27:58.132,8023.1,INR,Fuel
TXN659,ACC16,2026-06-10 02:27:58.132,7770.61,INR,Restaurant
TXN660,ACC25,2026-06-29 02:27:58.132,8445.73,INR,Shopping
TXN661,ACC48,2026-06-25 02:27:58.132,4407.31,INR,Salary
TXN662,ACC16,2026-06-24 02:27:58.132,6762.67,INR,Shopping
TXN663,ACC5,2026-06-08 02:27:58.132,7583.43,INR,Salary
TXN664,ACC44,2026-06-15 02:27:58.132,6548.91,INR,Transfer
TXN665,ACC49,2026-06-10 02:27:58.132,722.39,INR,Transfer
TXN666,ACC27,2026-06-17 02:27:58.132,477.39,INR,Restaurant
TXN667,ACC27,2026-06-27 02:27:58.132,5337.6,INR,Fuel
TXN668,ACC34,2026-06-08 02:27:58.132,4286.23,INR,Salary
TXN669,ACC3,2026-06-10 02:27:58.132,5993.62,INR,Restaurant
TXN670,ACC22,2026-06-19 02:27:58.132,3050.88,INR,Restaurant
TXN671,ACC24,2026-06-11 02:27:58.132,7530.12,INR,Restaurant
TXN672,ACC38,2026-06-14 02:27:58.132,2435.52,INR,Shopping
TXN673,ACC46,2026-06-23 02:27:58.132,6650.85,INR,Shopping
TXN674,ACC9,2026-06-15 02:27:58.132,2127.08,INR,Shopping
TXN675,ACC7,2026-06-16 02:27:58.132,3754.39,INR,Fuel
TXN676,ACC9,2026-06-24 02:27:58.132,6193.49,INR,Transfer
TXN677,ACC42,2026-07-02 02:27:58.132,4148.68,INR,Salary
TXN678,ACC23,2026-06-19 02:27:58.132,5246.81,INR,Salary
TXN679,ACC41,2026-06-27 02:27:58.132,1768.22,INR,Salary
TXN680,ACC14,2026-06-13 02:27:58.132,5367.83,INR,Fuel
TXN681,ACC22,2026-06-15 02:27:58.132,6257.66,INR,Transfer
TXN682,ACC36,2026-06-19 02:27:58.132,8984.84,INR,Restaurant
TXN683,ACC14,2026-06-11 02:27:58.132,842.35,INR,Salary
TXN684,ACC7,2026-06-16 02:27:58.132,1522.43,INR,Salary
TXN685,ACC11,2026-06-25 02:27:58.132,7119.41,INR,Fuel
TXN686,ACC3,2026-07-05 02:27:58.132,2236.69,INR,Fuel
TXN687,ACC36,2026-06-15 02:27:58.132,1429.43,INR,Shopping
TXN688,ACC6,2026-06-06 02:27:58.132,8063.37,INR,Transfer
TXN689,ACC17,2026-06-12 02:27:58.132,4987.11,INR,Fuel
TXN690,ACC9,2026-06-23 02:27:58.133,1312.64,INR,Shopping
TXN691,ACC3,2026-07-06 02:27:58.133,1290.97,INR,Salary
TXN692,ACC41,2026-06-16 02:27:58.133,9328.21,INR,Shopping
TXN693,ACC39,2026-06-30 02:27:58.133,9067.1,INR,Transfer
TXN694,ACC26,2026-06-15 02:27:58.133,775.34,INR,Salary
TXN695,ACC28,2026-06-27 02:27:58.133,5094.16,INR,Fuel
TXN696,ACC21,2026-06-25 02:27:58.133,8605.24,INR,Transfer
TXN697,ACC43,2026-06-06 02:27:58.133,1235.33,INR,Fuel
TXN698,ACC25,2026-06-30 02:27:58.133,3686.29,INR,Restaurant
TXN699,ACC31,2026-06-17 02:27:58.133,7785.51,INR,Salary
TXN700,ACC19,2026-06-28 02:27:58.133,7721.43,INR,Salary
TXN701,ACC35,2026-07-06 02:27:58.133,9984.12,INR,Fuel
TXN702,ACC27,2026-06-06 02:27:58.133,3029.67,INR,Fuel
TXN703,ACC17,2026-06-23 02:27:58.133,4863.87,INR,Transfer
TXN704,ACC40,2026-06-26 02:27:58.133,1646.05,INR,Fuel
TXN705,ACC8,2026-06-28 02:27:58.133,9769.97,INR,Shopping
TXN706,ACC24,2026-06-21 02:27:58.133,1893.32,INR,Transfer
TXN707,ACC12,2026-06-20 02:27:58.133,729.17,INR,Restaurant
TXN708,ACC18,2026-07-05 02:27:58.133,9336.41,INR,Transfer
TXN709,ACC17,2026-06-20 02:27:58.133,7351.79,INR,Salary
TXN710,ACC37,2026-06-30 02:27:58.133,5487.42,INR,Salary
TXN711,ACC7,2026-06-29 02:27:58.133,9811.66,INR,Transfer
TXN712,ACC44,2026-06-20 02:27:58.133,8952.26,INR,Shopping
TXN713,ACC1,2026-06-17 02:27:58.133,4606.67,INR,Restaurant
TXN714,ACC43,2026-06-21 02:27:58.133,2929.83,INR,Salary
TXN715,ACC23,2026-06-29 02:27:58.133,5726.68,INR,Transfer
TXN716,ACC45,2026-06-27 02:27:58.133,5786.34,INR,Fuel
TXN717,ACC2,2026-07-06 02:27:58.133,4108.52,INR,Salary
TXN718,ACC26,2026-06-27 02:27:58.133,5402.95,INR,Salary
TXN719,ACC49,2026-06-21 02:27:58.133,9952.47,INR,Restaurant
TXN720,ACC31,2026-07-05 02:27:58.133,6590.77,INR,Transfer
TXN721,ACC44,2026-06-29 02:27:58.133,189.29,INR,Restaurant
TXN722,ACC20,2026-06-26 02:27:58.133,9832.91,INR,Shopping
TXN723,ACC6,2026-06-07 02:27:58.133,2756.67,INR,Restaurant
TXN724,ACC13,2026-07-02 02:27:58.133,8914.78,INR,Fuel
TXN725,ACC19,2026-06-25 02:27:58.133,8369.73,INR,Shopping
TXN726,ACC38,2026-07-05 02:27:58.133,5784.77,INR,Salary
TXN727,ACC23,2026-06-19 02:27:58.133,3819.64,INR,Fuel
TXN728,ACC13,2026-06-11 02:27:58.133,4381.75,INR,Shopping
TXN729,ACC32,2026-07-03 02:27:58.133,3692.74,INR,Transfer
TXN730,ACC6,2026-06-24 02:27:58.133,3677.56,INR,Restaurant
TXN731,ACC5,2026-06-22 02:27:58.133,8745.91,INR,Transfer
TXN732,ACC18,2026-06-20 02:27:58.133,1566.73,INR,Restaurant
TXN733,ACC34,2026-07-04 02:27:58.133,7993.86,INR,Salary
TXN734,ACC18,2026-06-25 02:27:58.133,7664.41,INR,Salary
TXN735,ACC33,2026-07-01 02:27:58.133,1363.75,INR,Salary
TXN736,ACC40,2026-06-09 02:27:58.133,3300.6,INR,Restaurant
TXN737,ACC3,2026-06-20 02:27:58.133,2030.46,INR,Salary
TXN738,ACC2,2026-06-08 02:27:58.133,7435.44,INR,Fuel
TXN739,ACC30,2026-06-14 02:27:58.133,6578.34,INR,Transfer
TXN740,ACC21,2026-07-04 02:27:58.133,6708.06,INR,Transfer
TXN741,ACC25,2026-07-01 02:27:58.133,2059.04,INR,Shopping
TXN742,ACC35,2026-06-16 02:27:58.133,9093.16,INR,Shopping
TXN743,ACC14,2026-06-24 02:27:58.133,5635.88,INR,Fuel
TXN744,ACC29,2026-07-02 02:27:58.133,2606.71,INR,Transfer
TXN745,ACC23,2026-07-06 02:27:58.133,8340.58,INR,Restaurant
TXN746,ACC41,2026-06-20 02:27:58.133,1540.81,INR,Restaurant
TXN747,ACC29,2026-07-02 02:27:58.133,2564.83,INR,Salary
TXN748,ACC5,2026-06-28 02:27:58.133,2289.21,INR,Salary
TXN749,ACC33,2026-06-21 02:27:58.133,2595.92,INR,Transfer
TXN750,ACC31,2026-06-08 02:27:58.133,7552.07,INR,Shopping
TXN751,ACC39,2026-06-09 02:27:58.133,6241.71,INR,Transfer
TXN752,ACC45,2026-06-25 02:27:58.133,8327.23,INR,Salary
TXN753,ACC6,2026-06-10 02:27:58.133,5865.78,INR,Restaurant
TXN754,ACC29,2026-07-04 02:27:58.133,2893.72,INR,Salary
TXN755,ACC35,2026-06-17 02:27:58.133,2324.08,INR,Shopping
TXN756,ACC10,2026-07-05 02:27:58.133,3027.05,INR,Fuel
TXN757,ACC24,2026-07-02 02:27:58.133,6156.01,INR,Fuel
TXN758,ACC46,2026-06-25 02:27:58.133,1782.55,INR,Salary
TXN759,ACC40,2026-07-03 02:27:58.133,7784.55,INR,Shopping
TXN760,ACC3,2026-06-18 02:27:58.133,5381.67,INR,Restaurant
TXN761,ACC47,2026-06-28 02:27:58.133,5070.96,INR,Fuel
TXN762,ACC37,2026-07-03 02:27:58.133,3452.62,INR,Shopping
TXN763,ACC33,2026-07-01 02:27:58.133,6766.72,INR,Fuel
TXN764,ACC42,2026-06-18 02:27:58.133,7795.4,INR,Restaurant
TXN765,ACC2,2026-06-17 02:27:58.133,4125.38,INR,Shopping
TXN766,ACC25,2026-06-25 02:27:58.133,5607.18,INR,Fuel
TXN767,ACC12,2026-06-11 02:27:58.133,2641.26,INR,Shopping
TXN768,ACC47,2026-06-10 02:27:58.133,9814.73,INR,Shopping
TXN769,ACC28,2026-06-09 02:27:58.133,458.26,INR,Transfer
TXN770,ACC1,2026-06-23 02:27:58.133,2088.37,INR,Restaurant
TXN771,ACC42,2026-06-28 02:27:58.133,5504.71,INR,Restaurant
TXN772,ACC39,2026-06-16 02:27:58.133,7350.89,INR,Fuel
TXN773,ACC40,2026-07-01 02:27:58.133,493.99,INR,Fuel
TXN774,ACC17,2026-06-09 02:27:58.133,8648.42,INR,Fuel
TXN775,ACC26,2026-06-24 02:27:58.133,7407.22,INR,Transfer
TXN776,ACC50,2026-06-30 02:27:58.133,3022.48,INR,Salary
TXN777,ACC4,2026-07-03 02:27:58.133,8521.13,INR,Salary
TXN778,ACC44,2026-07-06 02:27:58.133,7754.26,INR,Transfer
TXN779,ACC44,2026-07-05 02:27:58.133,4107.29,INR,Shopping
TXN780,ACC26,2026-07-06 02:27:58.133,991.93,INR,Restaurant
TXN781,ACC15,2026-07-04 02:27:58.133,9562.06,INR,Restaurant
TXN782,ACC44,2026-06-12 02:27:58.133,5154.51,INR,Transfer
TXN783,ACC14,2026-06-21 02:27:58.133,4611.0,INR,Salary
TXN784,ACC50,2026-06-12 02:27:58.133,5119.26,INR,Restaurant
TXN785,ACC17,2026-06-10 02:27:58.133,4774.36,INR,Fuel
TXN786,ACC38,2026-06-16 02:27:58.133,2640.15,INR,Restaurant
TXN787,ACC25,2026-06-09 02:27:58.133,3297.89,INR,Transfer
TXN788,ACC28,2026-06-22 02:27:58.133,1387.76,INR,Fuel
TXN789,ACC5,2026-06-12 02:27:58.133,6149.16,INR,Fuel
TXN790,ACC27,2026-06-19 02:27:58.133,5879.64,INR,Shopping
TXN791,ACC17,2026-06-29 02:27:58.133,1197.53,INR,Shopping
TXN792,ACC18,2026-06-30 02:27:58.133,6760.59,INR,Salary
TXN793,ACC37,2026-06-26 02:27:58.133,2314.06,INR,Shopping
TXN794,ACC49,2026-07-06 02:27:58.133,7633.6,INR,Transfer
TXN795,ACC30,2026-06-20 02:27:58.133,7533.23,INR,Shopping
TXN796,ACC34,2026-06-28 02:27:58.133,7949.44,INR,Restaurant
TXN797,ACC49,2026-06-06 02:27:58.133,5515.84,INR,Fuel
TXN798,ACC21,2026-07-02 02:27:58.133,6723.99,INR,Shopping
TXN799,ACC15,2026-06-08 02:27:58.133,3067.6,INR,Fuel
TXN800,ACC48,2026-06-24 02:27:58.133,7912.5,INR,Restaurant
TXN801,ACC4,2026-06-08 02:27:58.133,6817.89,INR,Restaurant
TXN802,ACC18,2026-06-21 02:27:58.133,3449.77,INR,Shopping
TXN803,ACC1,2026-06-08 02:27:58.133,3381.11,INR,Restaurant
TXN804,ACC44,2026-06-20 02:27:58.133,8987.56,INR,Shopping
TXN805,ACC17,2026-06-20 02:27:58.133,9955.77,INR,Fuel
TXN806,ACC25,2026-06-27 02:27:58.133,3925.96,INR,Shopping
TXN807,ACC47,2026-06-24 02:27:58.133,643.31,INR,Shopping
TXN808,ACC28,2026-07-04 02:27:58.133,8994.19,INR,Salary
TXN809,ACC21,2026-06-25 02:27:58.133,8023.88,INR,Restaurant
TXN810,ACC41,2026-06-23 02:27:58.133,2127.53,INR,Restaurant
TXN811,ACC48,2026-07-04 02:27:58.133,3806.53,INR,Shopping
TXN812,ACC12,2026-06-14 02:27:58.133,607.34,INR,Salary
TXN813,ACC21,2026-06-09 02:27:58.133,1927.9,INR,Transfer
TXN814,ACC43,2026-06-28 02:27:58.133,5343.21,INR,Restaurant
TXN815,ACC3,2026-07-04 02:27:58.133,3415.15,INR,Restaurant
TXN816,ACC33,2026-06-08 02:27:58.133,6313.23,INR,Transfer
TXN817,ACC37,2026-06-16 02:27:58.133,5027.98,INR,Restaurant
TXN818,ACC21,2026-06-27 02:27:58.133,8667.98,INR,Restaurant
TXN819,ACC34,2026-06-12 02:27:58.133,4658.07,INR,Salary
TXN820,ACC39,2026-06-18 02:27:58.133,7321.81,INR,Restaurant
TXN821,ACC32,2026-06-12 02:27:58.133,4418.32,INR,Fuel
TXN822,ACC21,2026-07-06 02:27:58.133,8521.14,INR,Transfer
TXN823,ACC21,2026-06-13 02:27:58.133,1704.72,INR,Transfer
TXN824,ACC40,2026-07-03 02:27:58.133,3924.11,INR,Shopping
TXN825,ACC25,2026-06-23 02:27:58.133,8910.42,INR,Shopping
TXN826,ACC43,2026-07-05 02:27:58.133,2185.2,INR,Restaurant
TXN827,ACC17,2026-06-14 02:27:58.133,1835.06,INR,Salary
TXN828,ACC21,2026-06-08 02:27:58.133,1825.24,INR,Fuel
TXN829,ACC2,2026-06-06 02:27:58.133,342.8,INR,Salary
TXN830,ACC47,2026-06-08 02:27:58.133,3271.39,INR,Salary
TXN831,ACC38,2026-06-26 02:27:58.133,7175.13,INR,Fuel
TXN832,ACC27,2026-06-11 02:27:58.133,893.4,INR,Fuel
TXN833,ACC16,2026-06-16 02:27:58.133,7621.61,INR,Shopping
TXN834,ACC50,2026-06-07 02:27:58.133,3325.5,INR,Transfer
TXN835,ACC35,2026-06-17 02:27:58.133,2479.86,INR,Salary
TXN836,ACC33,2026-07-05 02:27:58.133,5510.41,INR,Salary
TXN837,ACC25,2026-06-23 02:27:58.133,7720.68,INR,Restaurant
TXN838,ACC37,2026-06-12 02:27:58.133,6405.27,INR,Fuel
TXN839,ACC23,2026-06-30 02:27:58.133,1058.02,INR,Salary
TXN840,ACC48,2026-06-14 02:27:58.133,1449.72,INR,Transfer
TXN841,ACC30,2026-06-21 02:27:58.133,276.52,INR,Fuel
TXN842,ACC23,2026-07-05 02:27:58.133,9763.97,INR,Transfer
TXN843,ACC31,2026-06-06 02:27:58.133,1094.18,INR,Salary
TXN844,ACC9,2026-06-09 02:27:58.133,1425.26,INR,Restaurant
TXN845,ACC27,2026-06-17 02:27:58.133,4631.94,INR,Transfer
TXN846,ACC2,2026-06-16 02:27:58.133,463.15,INR,Shopping
TXN847,ACC43,2026-06-18 02:27:58.133,9516.69,INR,Fuel
TXN848,ACC43,2026-06-13 02:27:58.133,8896.6,INR,Fuel
TXN849,ACC10,2026-07-06 02:27:58.133,9793.72,INR,Transfer
TXN850,ACC27,2026-06-23 02:27:58.133,566.38,INR,Shopping
TXN851,ACC38,2026-06-21 02:27:58.133,3955.31,INR,Shopping
TXN852,ACC26,2026-06-19 02:27:58.133,1088.24,INR,Salary
TXN853,ACC31,2026-07-01 02:27:58.133,719.27,INR,Restaurant
TXN854,ACC3,2026-07-02 02:27:58.133,3032.95,INR,Transfer
TXN855,ACC41,2026-06-21 02:27:58.133,5404.61,INR,Transfer
TXN856,ACC38,2026-07-04 02:27:58.133,1074.01,INR,Restaurant
TXN857,ACC29,2026-07-04 02:27:58.133,9505.43,INR,Fuel
TXN858,ACC2,2026-06-21 02:27:58.133,6632.25,INR,Salary
TXN859,ACC3,2026-06-18 02:27:58.133,5531.75,INR,Transfer
TXN860,ACC46,2026-06-22 02:27:58.133,2392.32,INR,Restaurant
TXN861,ACC37,2026-06-14 02:27:58.133,7333.15,INR,Fuel
TXN862,ACC19,2026-06-09 02:27:58.133,3313.4,INR,Fuel
TXN863,ACC39,2026-06-29 02:27:58.133,5559.15,INR,Restaurant
TXN864,ACC14,2026-06-19 02:27:58.133,6303.9,INR,Restaurant
TXN865,ACC20,2026-06-24 02:27:58.133,7013.99,INR,Fuel
TXN866,ACC46,2026-06-28 02:27:58.133,3372.97,INR,Restaurant
TXN867,ACC41,2026-06-17 02:27:58.133,3133.3,INR,Shopping
TXN868,ACC44,2026-06-26 02:27:58.133,5321.85,INR,Restaurant
TXN869,ACC22,2026-06-16 02:27:58.133,5391.09,INR,Transfer
TXN870,ACC9,2026-07-02 02:27:58.133,3760.79,INR,Salary
TXN871,ACC48,2026-06-09 02:27:58.133,8967.7,INR,Salary
TXN872,ACC36,2026-06-26 02:27:58.133,1336.79,INR,Shopping
TXN873,ACC21,2026-06-21 02:27:58.133,7439.33,INR,Transfer
TXN874,ACC50,2026-06-14 02:27:58.133,4817.64,INR,Shopping
TXN875,ACC11,2026-06-23 02:27:58.133,3048.49,INR,Salary
TXN876,ACC6,2026-06-19 02:27:58.133,6675.42,INR,Shopping
TXN877,ACC41,2026-06-12 02:27:58.133,432.64,INR,Restaurant
TXN878,ACC3,2026-06-21 02:27:58.133,2186.16,INR,Shopping
TXN879,ACC17,2026-06-27 02:27:58.133,9481.51,INR,Shopping
TXN880,ACC10,2026-06-14 02:27:58.133,1997.93,INR,Salary
TXN881,ACC20,2026-06-15 02:27:58.133,8037.03,INR,Shopping
TXN882,ACC39,2026-06-27 02:27:58.133,6073.85,INR,Salary
TXN883,ACC2,2026-06-21 02:27:58.133,3132.38,INR,Salary
TXN884,ACC29,2026-07-05 02:27:58.133,6802.55,INR,Transfer
TXN885,ACC16,2026-07-03 02:27:58.133,8884.99,INR,Transfer
TXN886,ACC27,2026-06-06 02:27:58.133,5124.28,INR,Fuel
TXN887,ACC48,2026-06-07 02:27:58.133,1460.65,INR,Shopping
TXN888,ACC11,2026-07-04 02:27:58.133,6448.71,INR,Fuel
TXN889,ACC26,2026-06-15 02:27:58.133,2494.56,INR,Salary
TXN890,ACC49,2026-07-04 02:27:58.133,6436.9,INR,Transfer
TXN891,ACC46,2026-06-28 02:27:58.133,3698.94,INR,Restaurant
TXN892,ACC20,2026-06-15 02:27:58.133,6910.23,INR,Salary
TXN893,ACC23,2026-06-22 02:27:58.133,2617.4,INR,Fuel
TXN894,ACC10,2026-06-22 02:27:58.133,3187.55,INR,Shopping
TXN895,ACC1,2026-06-06 02:27:58.133,9729.02,INR,Transfer
TXN896,ACC44,2026-06-15 02:27:58.133,3766.02,INR,Salary
TXN897,ACC1,2026-06-19 02:27:58.133,2667.52,INR,Shopping
TXN898,ACC38,2026-07-02 02:27:58.133,9632.1,INR,Restaurant
TXN899,ACC17,2026-07-03 02:27:58.133,2120.03,INR,Shopping
TXN900,ACC48,2026-07-02 02:27:58.133,8082.97,INR,Restaurant
TXN901,ACC17,2026-06-10 02:27:58.133,2357.57,INR,Fuel
TXN902,ACC15,2026-06-13 02:27:58.133,1949.54,INR,Restaurant
TXN903,ACC1,2026-06-22 02:27:58.133,5963.73,INR,Fuel
TXN904,ACC2,2026-07-02 02:27:58.133,5514.48,INR,Salary
TXN905,ACC1,2026-06-11 02:27:58.133,9895.79,INR,Transfer
TXN906,ACC27,2026-06-19 02:27:58.133,4034.44,INR,Transfer
TXN907,ACC5,2026-06-13 02:27:58.133,3935.0,INR,Salary
TXN908,ACC48,2026-07-04 02:27:58.133,5783.64,INR,Shopping
TXN909,ACC25,2026-06-27 02:27:58.133,3931.05,INR,Salary
TXN910,ACC38,2026-07-01 02:27:58.133,2766.76,INR,Shopping
TXN911,ACC8,2026-06-19 02:27:58.133,4283.26,INR,Shopping
TXN912,ACC7,2026-06-23 02:27:58.133,6637.35,INR,Restaurant
TXN913,ACC47,2026-06-08 02:27:58.133,5574.99,INR,Shopping
TXN914,ACC24,2026-07-01 02:27:58.133,7026.53,INR,Salary
TXN915,ACC15,2026-06-19 02:27:58.133,5771.79,INR,Shopping
TXN916,ACC39,2026-06-16 02:27:58.133,1306.48,INR,Fuel
TXN917,ACC41,2026-06-26 02:27:58.133,7824.36,INR,Restaurant
TXN918,ACC15,2026-07-04 02:27:58.133,3491.24,INR,Shopping
TXN919,ACC41,2026-06-27 02:27:58.133,2978.54,INR,Transfer
TXN920,ACC36,2026-07-01 02:27:58.133,5233.25,INR,Fuel
TXN921,ACC24,2026-07-05 02:27:58.133,9119.27,INR,Restaurant
TXN922,ACC10,2026-06-07 02:27:58.133,1543.3,INR,Transfer
TXN923,ACC28,2026-06-26 02:27:58.133,9053.35,INR,Restaurant
TXN924,ACC46,2026-06-30 02:27:58.133,2418.11,INR,Restaurant
TXN925,ACC50,2026-06-16 02:27:58.133,4875.06,INR,Transfer
TXN926,ACC32,2026-06-18 02:27:58.133,8248.13,INR,Transfer
TXN927,ACC6,2026-06-19 02:27:58.133,7366.38,INR,Restaurant
TXN928,ACC28,2026-06-30 02:27:58.133,8909.64,INR,Restaurant
TXN929,ACC41,2026-06-07 02:27:58.133,419.97,INR,Fuel
TXN930,ACC37,2026-06-06 02:27:58.133,5312.57,INR,Salary
TXN931,ACC11,2026-06-22 02:27:58.133,4625.08,INR,Restaurant
TXN932,ACC49,2026-06-13 02:27:58.133,9048.42,INR,Restaurant
TXN933,ACC18,2026-06-14 02:27:58.133,7356.69,INR,Restaurant
TXN934,ACC30,2026-06-23 02:27:58.133,4749.79,INR,Shopping
TXN935,ACC45,2026-06-18 02:27:58.133,9501.19,INR,Fuel
TXN936,ACC9,2026-07-01 02:27:58.133,8531.5,INR,Fuel
TXN937,ACC4,2026-07-01 02:27:58.133,9033.13,INR,Salary
TXN938,ACC15,2026-06-29 02:27:58.133,5239.8,INR,Restaurant
TXN939,ACC42,2026-06-21 02:27:58.133,3902.84,INR,Fuel
TXN940,ACC17,2026-06-25 02:27:58.133,5830.45,INR,Restaurant
TXN941,ACC48,2026-06-28 02:27:58.133,8316.69,INR,Shopping
TXN942,ACC26,2026-06-20 02:27:58.133,8729.45,INR,Fuel
TXN943,ACC22,2026-06-14 02:27:58.133,1842.81,INR,Fuel
TXN944,ACC32,2026-06-27 02:27:58.133,3943.75,INR,Salary
TXN945,ACC19,2026-06-07 02:27:58.133,4748.61,INR,Transfer
TXN946,ACC15,2026-06-17 02:27:58.133,1784.6,INR,Salary
TXN947,ACC16,2026-06-07 02:27:58.133,8481.54,INR,Restaurant
TXN948,ACC31,2026-06-19 02:27:58.133,1568.16,INR,Shopping
TXN949,ACC29,2026-06-14 02:27:58.133,8260.62,INR,Shopping
TXN950,ACC16,2026-07-04 02:27:58.133,1190.65,INR,Transfer
TXN951,ACC31,2026-07-04 02:27:58.133,1333.6,INR,Salary
TXN952,ACC28,2026-06-14 02:27:58.133,344.31,INR,Fuel
TXN953,ACC39,2026-07-05 02:27:58.133,4163.18,INR,Transfer
TXN954,ACC23,2026-06-15 02:27:58.133,7329.79,INR,Transfer
TXN955,ACC33,2026-07-04 02:27:58.133,5420.88,INR,Transfer
TXN956,ACC15,2026-06-30 02:27:58.133,7710.09,INR,Restaurant
TXN957,ACC20,2026-06-29 02:27:58.133,1435.84,INR,Salary
TXN958,ACC38,2026-06-15 02:27:58.133,9625.5,INR,Transfer
TXN959,ACC49,2026-06-20 02:27:58.133,5351.55,INR,Transfer
TXN960,ACC11,2026-06-21 02:27:58.133,4237.88,INR,Transfer
TXN961,ACC6,2026-06-18 02:27:58.133,492.17,INR,Salary
TXN962,ACC29,2026-06-20 02:27:58.133,8888.4,INR,Restaurant
TXN963,ACC22,2026-06-18 02:27:58.133,2782.74,INR,Salary
TXN964,ACC19,2026-06-06 02:27:58.133,8419.32,INR,Salary
TXN965,ACC47,2026-06-08 02:27:58.133,9001.07,INR,Salary
TXN966,ACC10,2026-06-30 02:27:58.133,2674.9,INR,Salary
TXN967,ACC3,2026-06-11 02:27:58.133,2936.82,INR,Shopping
TXN968,ACC17,2026-06-25 02:27:58.133,6541.93,INR,Restaurant
TXN969,ACC49,2026-07-02 02:27:58.133,2357.76,INR,Transfer
TXN970,ACC39,2026-07-02 02:27:58.133,8619.42,INR,Salary
TXN971,ACC35,2026-06-12 02:27:58.133,7474.23,INR,Fuel
TXN972,ACC14,2026-06-12 02:27:58.133,1592.74,INR,Shopping
TXN973,ACC4,2026-06-27 02:27:58.133,5591.08,INR,Transfer
TXN974,ACC12,2026-06-17 02:27:58.133,9563.29,INR,Fuel
TXN975,ACC38,2026-06-19 02:27:58.133,8924.58,INR,Transfer
TXN976,ACC18,2026-06-14 02:27:58.133,611.78,INR,Salary
TXN977,ACC35,2026-07-04 02:27:58.133,9098.58,INR,Fuel
TXN978,ACC2,2026-07-02 02:27:58.133,4165.21,INR,Salary
TXN979,ACC15,2026-06-14 02:27:58.133,6888.04,INR,Shopping
TXN980,ACC8,2026-07-06 02:27:58.133,8851.7,INR,Shopping
TXN981,ACC16,2026-06-26 02:27:58.133,6622.51,INR,Salary
TXN982,ACC21,2026-06-13 02:27:58.133,8728.2,INR,Restaurant
TXN983,ACC2,2026-06-25 02:27:58.133,2391.8,INR,Salary
TXN984,ACC47,2026-07-02 02:27:58.133,1271.9,INR,Transfer
TXN985,ACC46,2026-06-24 02:27:58.133,6652.06,INR,Salary
TXN986,ACC47,2026-06-07 02:27:58.133,1838.56,INR,Shopping
TXN987,ACC46,2026-06-18 02:27:58.133,5642.63,INR,Shopping
TXN988,ACC31,2026-07-02 02:27:58.133,7568.17,INR,Restaurant
TXN989,ACC14,2026-06-24 02:27:58.133,5803.69,INR,Salary
TXN990,ACC42,2026-06-21 02:27:58.133,3390.17,INR,Salary
TXN991,ACC30,2026-06-06 02:27:58.133,8279.92,INR,Restaurant
TXN992,ACC6,2026-06-16 02:27:58.133,6685.98,INR,Shopping
TXN993,ACC15,2026-06-17 02:27:58.133,9390.37,INR,Salary
TXN994,ACC43,2026-06-08 02:27:58.133,8427.78,INR,Transfer
TXN995,ACC22,2026-06-30 02:27:58.133,8802.77,INR,Salary
TXN996,ACC13,2026-06-20 02:27:58.133,9286.58,INR,Restaurant
TXN997,ACC20,2026-07-06 02:27:58.133,2583.29,INR,Restaurant
TXN998,ACC37,2026-06-16 02:27:58.133,8424.08,INR,Fuel
TXN999,ACC35,2026-06-19 02:27:58.133,2080.42,INR,Restaurant
TXN1000,ACC38,2026-07-03 02:27:58.133,2291.62,INR,Restaurant
